Experiment ID,temperature (°C),sodium conc (M),magnesium conc (M),Incumbent sequence (5'->3'),Target sequence (5'->3'),Invader sequence (5'->3'),Invader conc (nM),Incumbent/Target conc (nM),k (M-1s-1)
double_toehold10,23,0.05,0.01,GGTGAGTTTGAGGTTG,CCCTCCACATCAACCTCAAACTCACC,GGTGAGTTTGAGGTCAATGTGGAGGG,10,10,?
perfect_toehold6,23,0.05,0.01,GGTGAGTTTGAGGTTG,CCCTCCACATCAACCTCAAACTCACC,GGTGAGTTTGAGGTTGATGTGG,10,10,2685281.075
perfect_toehold7,23,0.05,0.01,GGTGAGTTTGAGGTTG,CCCTCCACATCAACCTCAAACTCACC,GGTGAGTTTGAGGTTGATGTGGA,5,5,3903399.816
perfect_toehold7,23,0.05,0.01,GGTGAGTTTGAGGTTG,CCCTCCACATCAACCTCAAACTCACC,GGTGAGTTTGAGGTTGATGTGGA,10,10,3024255.714
perfect_toehold7,23,0.05,0.01,GGTGAGTTTGAGGTTG,CCCTCCACATCAACCTCAAACTCACC,GGTGAGTTTGAGGTTGATGTGGA,20,20,3622073.703
perfect_toehold8,23,0.05,0.01,GGTGAGTTTGAGGTTG,CCCTCCACATCAACCTCAAACTCACC,GGTGAGTTTGAGGTTGATGTGGAG,10,10,3516576.411
perfect_toehold9,23,0.05,0.01,GGTGAGTTTGAGGTTG,CCCTCCACATCAACCTCAAACTCACC,GGTGAGTTTGAGGTTGATGTGGAGG,10,10,3287285.936
perfect_toehold10,23,0.05,0.01,GGTGAGTTTGAGGTTG,CCCTCCACATCAACCTCAAACTCACC,GGTGAGTTTGAGGTTGATGTGGAGGG,10,10,3178309.553
distal_toehold6,23,0.05,0.01,GGTGAGTTTGAGGTTG,CCCTCCACATCAACCTCAAACTCACC,GGTCAGTTTGAGGTTGATGTGG,5,5,950949.8966
distal_toehold6,23,0.05,0.01,GGTGAGTTTGAGGTTG,CCCTCCACATCAACCTCAAACTCACC,GGTCAGTTTGAGGTTGATGTGG,10,10,1134656.127
distal_toehold6,23,0.05,0.01,GGTGAGTTTGAGGTTG,CCCTCCACATCAACCTCAAACTCACC,GGTCAGTTTGAGGTTGATGTGG,20,20,1156268.624
distal_toehold7,23,0.05,0.01,GGTGAGTTTGAGGTTG,CCCTCCACATCAACCTCAAACTCACC,GGTCAGTTTGAGGTTGATGTGGA,10,10,2346521.822
distal_toehold8,23,0.05,0.01,GGTGAGTTTGAGGTTG,CCCTCCACATCAACCTCAAACTCACC,GGTCAGTTTGAGGTTGATGTGGAG,10,10,3761860.056
distal_toehold9,23,0.05,0.01,GGTGAGTTTGAGGTTG,CCCTCCACATCAACCTCAAACTCACC,GGTCAGTTTGAGGTTGATGTGGAGG,5,5,5886817.384
distal_toehold9,23,0.05,0.01,GGTGAGTTTGAGGTTG,CCCTCCACATCAACCTCAAACTCACC,GGTCAGTTTGAGGTTGATGTGGAGG,10,10,5777802.247
distal_toehold9,23,0.05,0.01,GGTGAGTTTGAGGTTG,CCCTCCACATCAACCTCAAACTCACC,GGTCAGTTTGAGGTTGATGTGGAGG,20,20,4742158.448
distal_toehold10,23,0.05,0.01,GGTGAGTTTGAGGTTG,CCCTCCACATCAACCTCAAACTCACC,GGTCAGTTTGAGGTTGATGTGGAGGG,10,10,6451537.862
central_toehold6,23,0.05,0.01,GGTGAGTTTGAGGTTG,CCCTCCACATCAACCTCAAACTCACC,GGTGAGTTTCAGGTTGATGTGG,100,100,1363.640382
central_toehold7,23,0.05,0.01,GGTGAGTTTGAGGTTG,CCCTCCACATCAACCTCAAACTCACC,GGTGAGTTTCAGGTTGATGTGGA,10,10,19559.67525
central_toehold8,23,0.05,0.01,GGTGAGTTTGAGGTTG,CCCTCCACATCAACCTCAAACTCACC,GGTGAGTTTCAGGTTGATGTGGAG,5,5,248660.269
central_toehold8,23,0.05,0.01,GGTGAGTTTGAGGTTG,CCCTCCACATCAACCTCAAACTCACC,GGTGAGTTTCAGGTTGATGTGGAG,10,10,137417.5171
central_toehold8,23,0.05,0.01,GGTGAGTTTGAGGTTG,CCCTCCACATCAACCTCAAACTCACC,GGTGAGTTTCAGGTTGATGTGGAG,20,20,104699.0606
central_toehold9,23,0.05,0.01,GGTGAGTTTGAGGTTG,CCCTCCACATCAACCTCAAACTCACC,GGTGAGTTTCAGGTTGATGTGGAGG,5,5,433383.4034
central_toehold9,23,0.05,0.01,GGTGAGTTTGAGGTTG,CCCTCCACATCAACCTCAAACTCACC,GGTGAGTTTCAGGTTGATGTGGAGG,10,10,358784.6208
central_toehold9,23,0.05,0.01,GGTGAGTTTGAGGTTG,CCCTCCACATCAACCTCAAACTCACC,GGTGAGTTTCAGGTTGATGTGGAGG,20,20,269976.5464
central_toehold10,23,0.05,0.01,GGTGAGTTTGAGGTTG,CCCTCCACATCAACCTCAAACTCACC,GGTGAGTTTCAGGTTGATGTGGAGGG,10,10,434870.7283
centralCT_toehold6,23,0.05,0.01,GGTGAGTTTGAGGTTG,CCCTCCACATCAACCTCAAACTCACC,GGTGAGTTTTAGGTTGATGTGG,50,50,10308.06526
centralCT_toehold7,23,0.05,0.01,GGTGAGTTTGAGGTTG,CCCTCCACATCAACCTCAAACTCACC,GGTGAGTTTTAGGTTGATGTGGA,5,5,85603.36807
centralCT_toehold7,23,0.05,0.01,GGTGAGTTTGAGGTTG,CCCTCCACATCAACCTCAAACTCACC,GGTGAGTTTTAGGTTGATGTGGA,10,10,89170.17507
centralCT_toehold7,23,0.05,0.01,GGTGAGTTTGAGGTTG,CCCTCCACATCAACCTCAAACTCACC,GGTGAGTTTTAGGTTGATGTGGA,20,20,92736.98208
centralCT_toehold8,23,0.05,0.01,GGTGAGTTTGAGGTTG,CCCTCCACATCAACCTCAAACTCACC,GGTGAGTTTTAGGTTGATGTGGAG,10,10,721073.4452
centralCT_toehold9,23,0.05,0.01,GGTGAGTTTGAGGTTG,CCCTCCACATCAACCTCAAACTCACC,GGTGAGTTTTAGGTTGATGTGGAGG,10,10,976677.3094
centralCT_toehold10,23,0.05,0.01,GGTGAGTTTGAGGTTG,CCCTCCACATCAACCTCAAACTCACC,GGTGAGTTTTAGGTTGATGTGGAGGG,5,5,1957217.766
centralCT_toehold10,23,0.05,0.01,GGTGAGTTTGAGGTTG,CCCTCCACATCAACCTCAAACTCACC,GGTGAGTTTTAGGTTGATGTGGAGGG,10,10,1581431.955
centralCT_toehold10,23,0.05,0.01,GGTGAGTTTGAGGTTG,CCCTCCACATCAACCTCAAACTCACC,GGTGAGTTTTAGGTTGATGTGGAGGG,20,20,1158672.917
proximal_toehold6,23,0.05,0.01,GGTGAGTTTGAGGTTG,CCCTCCACATCAACCTCAAACTCACC,GGTGAGTTTGAGGTTCATGTGG,100,100,378.7310336
proximal_toehold7,23,0.05,0.01,GGTGAGTTTGAGGTTG,CCCTCCACATCAACCTCAAACTCACC,GGTGAGTTTGAGGTTCATGTGGA,100,100,1232.468954
proximal_toehold8,23,0.05,0.01,GGTGAGTTTGAGGTTG,CCCTCCACATCAACCTCAAACTCACC,GGTGAGTTTGAGGTTCATGTGGAG,5,5,76482.34369
proximal_toehold8,23,0.05,0.01,GGTGAGTTTGAGGTTG,CCCTCCACATCAACCTCAAACTCACC,GGTGAGTTTGAGGTTCATGTGGAG,10,10,68469.90768
proximal_toehold8,23,0.05,0.01,GGTGAGTTTGAGGTTG,CCCTCCACATCAACCTCAAACTCACC,GGTGAGTTTGAGGTTCATGTGGAG,20,20,74297.13387
proximal_toehold9,23,0.05,0.01,GGTGAGTTTGAGGTTG,CCCTCCACATCAACCTCAAACTCACC,GGTGAGTTTGAGGTTCATGTGGAGG,10,10,175002.9574
proximal_toehold10,23,0.05,0.01,GGTGAGTTTGAGGTTG,CCCTCCACATCAACCTCAAACTCACC,GGTGAGTTTGAGGTTCATGTGGAGGG,5,5,308629.9714
proximal_toehold10,23,0.05,0.01,GGTGAGTTTGAGGTTG,CCCTCCACATCAACCTCAAACTCACC,GGTGAGTTTGAGGTTCATGTGGAGGG,10,10,192634.8144
proximal_toehold10,23,0.05,0.01,GGTGAGTTTGAGGTTG,CCCTCCACATCAACCTCAAACTCACC,GGTGAGTTTGAGGTTCATGTGGAGGG,20,20,120137.8412