reaction_id,substrate,incumbent,invader
Machinek-PRF,CCCTCCACATTCAACCTCAAACTCACC,TGGTGTTTGTGGGTGTGGTGAGTTTGAGGTTGA,GGTGAGTTTGAGGTTGAATGTGGA
Machinek-Mismatch2,CCCTCCACATTCAACCTCAAACTCACC,TGGTGTTTGTGGGTGTGGTGAGTTTGAGGTTGA,GGTGAGTTTGAGGTTCAATGTGGA
Machinek-Mismatch10,CCCTCCACATACCTCAAATCACTCACC,TGGTGTTTGTGGGTGTGGTGAGTGATTTGAGGT,GGTGAGTCATTTGAGGTATGTGGA
Machinek-Mismatch14,CCCTCCACATTCAACCTCAAACTCACC,TGGTGTTTGTGGGTGTGGTGAGTTTGAGGTTGA,GGTCAGTTTGAGGTTGAATGTGGA
Machinek-Mismatch14C2T,CCCTCCACATTCAACCTCAAACTCACC,TGGTGTTTGTGGGTGTGGTGAGTTTGAGGTTGA,GGTTAGTTTGAGGTTGAATGTGGA
Machinek-Mismatch2C2A,CCCTCCACATTCAACCTCAAACTCACC,TGGTGTTTGTGGGTGTGGTGAGTTTGAGGTTGA,GGTGAGTTTGAGGTTAAATGTGGA
Machinek-Mismatch2C2T,CCCTCCACATTCAACCTCAAACTCACC,TGGTGTTTGTGGGTGTGGTGAGTTTGAGGTTGA,GGTGAGTTTGAGGTTTAATGTGGA
perfect_toehold8,CCCTCCACATCAACCTCAAACTCACC,GGTGAGTTTGAGGTTG,GGTGAGTTTGAGGTTGATGTGGAG
proximal_toehold8,CCCTCCACATCAACCTCAAACTCACC,GGTGAGTTTGAGGTTG,GGTGAGTTTGAGGTTCATGTGGAG
central_toehold8,CCCTCCACATCAACCTCAAACTCACC,GGTGAGTTTGAGGTTG,GGTGAGTTTCAGGTTGATGTGGAG
distal_toehold8,CCCTCCACATCAACCTCAAACTCACC,GGTCAGTTTGAGGTTG,GGTGAGTTTGAGGTTGATGTGGAG
perfect_toehold7,CCCTCCACATCAACCTCAAACTCACC,GGTCAGTTTGAGGTTG,GGTGAGTTTGAGGTTGATGTGGA
perfect_toehold7_dangle,CCCTCCACATTCAACCTCAAACTCACC,TGGTGTTTGTGGGTGTGGTGAGTTTGAGGTTGA,GGTGAGTTTGAGGTTGAATGTGGA
proximal_toehold7_dangle,CCCTCCACATTCAACCTCAAACTCACC,TGGTGTTTGTGGGTGTGGTGAGTTTGAGGTTGA,GGTGAGTTTGAGGTTCAATGTGGA
perfect_toehold7_dangle_CC2GG,CGGTCCACATTCAACCTCAAACTCACC,TGGTGTTTGTGGGTGTGGTGAGTTTGAGGTTGA,GGTGAGTTTGAGGTTGAATGTGGA